{"cameraMode":{"drawMode":0,"name":"Shaded","section":"Shading Mode"},"sceneLighting":true,"audioPlay":false,"sceneViewState":{"showFog":true,"showMaterialUpdate":true,"showSkybox":false,"showFlares":true,"showImageEffects":true,"showParticleSystems":true},"in2DMode":false,"pivot":{"x":-0.6204128265380859,"y":-0.5067577362060547,"z":-0.2629270553588867},"rotation":{"x":-0.11254937201738358,"y":0.8370347619056702,"z":-0.18788892030715943,"w":-0.5014011859893799},"size":16.193239212036134,"orthographic":false}